<databaseChangeLog
     xmlns="http://www.liquibase.org/xml/ns/dbchangelog"
     xmlns:xsi="http://www.w3.org/2001/XMLSchema-instance"
     xsi:schemaLocation="http://www.liquibase.org/xml/ns/dbchangelog 
     http://www.liquibase.org/xml/ns/dbchangelog/dbchangelog-2.0.xsd">

  <changeSet author="vule" id="1">
    <createTable tableName="ACCOUNT">
      <column name="account_id" type="INT" autoIncrement="true">
        <constraints primaryKey="true" nullable="false" />
      </column>
      <column name="create_date" type="DATE" >
        <constraints nullable="false" />
      </column>
      <column name="first_name" type="varchar(64)" >
        <constraints nullable="false" />
      </column>
      <column name="last_name" type="varchar(64)" >
        <constraints nullable="false" />
      </column>
      <column name="email" type="varchar(128)" >
        <constraints nullable="false" unique="true" uniqueConstraintName="UNQ_ACCOUNT_EMAIL"/>
      </column>
      <column name="password" type="varchar(256)" >
        <constraints nullable="true" />
      </column>
	</createTable>
  </changeSet>
</databaseChangeLog>


